DELETE FROM ROUTE.ROUTE_STATION;
DELETE FROM ROUTE.ROUTE;
DELETE FROM ROUTE.STATION;

INSERT INTO ROUTE.STATION (STATION_ID, STATION_NAME, LAST_MODIFIED_DATETIME) VALUES (101 ,'MAJESTIC'       ,CURRENT_DATE);
INSERT INTO ROUTE.STATION (STATION_ID, STATION_NAME, LAST_MODIFIED_DATETIME) VALUES (102 ,'ITPL'           ,CURRENT_DATE);
INSERT INTO ROUTE.STATION (STATION_ID, STATION_NAME, LAST_MODIFIED_DATETIME) VALUES (103 ,'SHIVAJI NAGAR'  ,CURRENT_DATE);
INSERT INTO ROUTE.STATION (STATION_ID, STATION_NAME, LAST_MODIFIED_DATETIME) VALUES (104 ,'SILK BOARD'     ,CURRENT_DATE);
INSERT INTO ROUTE.STATION (STATION_ID, STATION_NAME, LAST_MODIFIED_DATETIME) VALUES (105 ,'K.R.PURAM'      ,CURRENT_DATE);
INSERT INTO ROUTE.STATION (STATION_ID, STATION_NAME, LAST_MODIFIED_DATETIME) VALUES (106 ,'HEBBAL'         ,CURRENT_DATE);
INSERT INTO ROUTE.STATION (STATION_ID, STATION_NAME, LAST_MODIFIED_DATETIME) VALUES (107 ,'DEVANAHALLI'    ,CURRENT_DATE);
INSERT INTO ROUTE.STATION (STATION_ID, STATION_NAME, LAST_MODIFIED_DATETIME) VALUES (108 ,'KENGERI'        ,CURRENT_DATE);
INSERT INTO ROUTE.STATION (STATION_ID, STATION_NAME, LAST_MODIFIED_DATETIME) VALUES (109 ,'YESWANTPUR'     ,CURRENT_DATE);
INSERT INTO ROUTE.STATION (STATION_ID, STATION_NAME, LAST_MODIFIED_DATETIME) VALUES (110 ,'HOSKOTE'        ,CURRENT_DATE);
                                                                                        
INSERT INTO ROUTE.STATION (STATION_ID, STATION_NAME, LAST_MODIFIED_DATETIME) VALUES (1011,'MAJESTIC-1'     ,CURRENT_DATE);
INSERT INTO ROUTE.STATION (STATION_ID, STATION_NAME, LAST_MODIFIED_DATETIME) VALUES (1012,'MAJESTIC-2'     ,CURRENT_DATE);
INSERT INTO ROUTE.STATION (STATION_ID, STATION_NAME, LAST_MODIFIED_DATETIME) VALUES (1013,'MAJESTIC-3'     ,CURRENT_DATE);
INSERT INTO ROUTE.STATION (STATION_ID, STATION_NAME, LAST_MODIFIED_DATETIME) VALUES (1014,'MAJESTIC-4'     ,CURRENT_DATE);
INSERT INTO ROUTE.STATION (STATION_ID, STATION_NAME, LAST_MODIFIED_DATETIME) VALUES (1015,'MAJESTIC-5'     ,CURRENT_DATE);
INSERT INTO ROUTE.STATION (STATION_ID, STATION_NAME, LAST_MODIFIED_DATETIME) VALUES (1016,'MAJESTIC-6'     ,CURRENT_DATE);

INSERT INTO ROUTE.STATION (STATION_ID, STATION_NAME, LAST_MODIFIED_DATETIME) VALUES (1021,'ITPL-1'     ,CURRENT_DATE);
INSERT INTO ROUTE.STATION (STATION_ID, STATION_NAME, LAST_MODIFIED_DATETIME) VALUES (1022,'ITPL-2'     ,CURRENT_DATE);
INSERT INTO ROUTE.STATION (STATION_ID, STATION_NAME, LAST_MODIFIED_DATETIME) VALUES (1023,'ITPL-3'     ,CURRENT_DATE);
INSERT INTO ROUTE.STATION (STATION_ID, STATION_NAME, LAST_MODIFIED_DATETIME) VALUES (1024,'ITPL-4'     ,CURRENT_DATE);
INSERT INTO ROUTE.STATION (STATION_ID, STATION_NAME, LAST_MODIFIED_DATETIME) VALUES (1025,'ITPL-5'     ,CURRENT_DATE);
INSERT INTO ROUTE.STATION (STATION_ID, STATION_NAME, LAST_MODIFIED_DATETIME) VALUES (1026,'ITPL-6'     ,CURRENT_DATE);

INSERT INTO ROUTE.STATION (STATION_ID, STATION_NAME, LAST_MODIFIED_DATETIME) VALUES (1031 ,'SHIVAJI NAGAR-1'  ,CURRENT_DATE);
INSERT INTO ROUTE.STATION (STATION_ID, STATION_NAME, LAST_MODIFIED_DATETIME) VALUES (1032 ,'SHIVAJI NAGAR-2'  ,CURRENT_DATE);
INSERT INTO ROUTE.STATION (STATION_ID, STATION_NAME, LAST_MODIFIED_DATETIME) VALUES (1033 ,'SHIVAJI NAGAR-3'  ,CURRENT_DATE);
INSERT INTO ROUTE.STATION (STATION_ID, STATION_NAME, LAST_MODIFIED_DATETIME) VALUES (1034 ,'SHIVAJI NAGAR-4'  ,CURRENT_DATE);
INSERT INTO ROUTE.STATION (STATION_ID, STATION_NAME, LAST_MODIFIED_DATETIME) VALUES (1035 ,'SHIVAJI NAGAR-5'  ,CURRENT_DATE);
INSERT INTO ROUTE.STATION (STATION_ID, STATION_NAME, LAST_MODIFIED_DATETIME) VALUES (1036 ,'SHIVAJI NAGAR-6'  ,CURRENT_DATE);
INSERT INTO ROUTE.STATION (STATION_ID, STATION_NAME, LAST_MODIFIED_DATETIME) VALUES (1037 ,'SHIVAJI NAGAR-7'  ,CURRENT_DATE);
INSERT INTO ROUTE.STATION (STATION_ID, STATION_NAME, LAST_MODIFIED_DATETIME) VALUES (1038 ,'SHIVAJI NAGAR-8'  ,CURRENT_DATE);
INSERT INTO ROUTE.STATION (STATION_ID, STATION_NAME, LAST_MODIFIED_DATETIME) VALUES (1039 ,'SHIVAJI NAGAR-9'  ,CURRENT_DATE);

INSERT INTO ROUTE.STATION (STATION_ID, STATION_NAME, LAST_MODIFIED_DATETIME) VALUES (1041 ,'SILK BOARD-1'     ,CURRENT_DATE);
INSERT INTO ROUTE.STATION (STATION_ID, STATION_NAME, LAST_MODIFIED_DATETIME) VALUES (1042 ,'SILK BOARD-2'     ,CURRENT_DATE);
INSERT INTO ROUTE.STATION (STATION_ID, STATION_NAME, LAST_MODIFIED_DATETIME) VALUES (1043 ,'SILK BOARD-3'     ,CURRENT_DATE);
INSERT INTO ROUTE.STATION (STATION_ID, STATION_NAME, LAST_MODIFIED_DATETIME) VALUES (1044 ,'SILK BOARD-4'     ,CURRENT_DATE);
INSERT INTO ROUTE.STATION (STATION_ID, STATION_NAME, LAST_MODIFIED_DATETIME) VALUES (1045 ,'SILK BOARD-5'     ,CURRENT_DATE);

INSERT INTO ROUTE.STATION (STATION_ID, STATION_NAME, LAST_MODIFIED_DATETIME) VALUES (1051 ,'K.R.PURAM-1'      ,CURRENT_DATE);
INSERT INTO ROUTE.STATION (STATION_ID, STATION_NAME, LAST_MODIFIED_DATETIME) VALUES (1052 ,'K.R.PURAM-2'      ,CURRENT_DATE);
INSERT INTO ROUTE.STATION (STATION_ID, STATION_NAME, LAST_MODIFIED_DATETIME) VALUES (1053 ,'K.R.PURAM-3'      ,CURRENT_DATE);
INSERT INTO ROUTE.STATION (STATION_ID, STATION_NAME, LAST_MODIFIED_DATETIME) VALUES (1054 ,'K.R.PURAM-4'      ,CURRENT_DATE);

INSERT INTO ROUTE.STATION (STATION_ID, STATION_NAME, LAST_MODIFIED_DATETIME) VALUES (1061 ,'HEBBAL-1'         ,CURRENT_DATE);
INSERT INTO ROUTE.STATION (STATION_ID, STATION_NAME, LAST_MODIFIED_DATETIME) VALUES (1062 ,'HEBBAL-2'         ,CURRENT_DATE);
INSERT INTO ROUTE.STATION (STATION_ID, STATION_NAME, LAST_MODIFIED_DATETIME) VALUES (1063 ,'HEBBAL-3'         ,CURRENT_DATE);
INSERT INTO ROUTE.STATION (STATION_ID, STATION_NAME, LAST_MODIFIED_DATETIME) VALUES (1064 ,'HEBBAL-4'         ,CURRENT_DATE);
INSERT INTO ROUTE.STATION (STATION_ID, STATION_NAME, LAST_MODIFIED_DATETIME) VALUES (1065 ,'HEBBAL-5'         ,CURRENT_DATE);
INSERT INTO ROUTE.STATION (STATION_ID, STATION_NAME, LAST_MODIFIED_DATETIME) VALUES (1066 ,'HEBBAL-6'         ,CURRENT_DATE);
INSERT INTO ROUTE.STATION (STATION_ID, STATION_NAME, LAST_MODIFIED_DATETIME) VALUES (1067 ,'HEBBAL-7'         ,CURRENT_DATE);

INSERT INTO ROUTE.STATION (STATION_ID, STATION_NAME, LAST_MODIFIED_DATETIME) VALUES (1071 ,'DEVANAHALLI-1'    ,CURRENT_DATE);
INSERT INTO ROUTE.STATION (STATION_ID, STATION_NAME, LAST_MODIFIED_DATETIME) VALUES (1072 ,'DEVANAHALLI-2'    ,CURRENT_DATE);
INSERT INTO ROUTE.STATION (STATION_ID, STATION_NAME, LAST_MODIFIED_DATETIME) VALUES (1073 ,'DEVANAHALLI-3'    ,CURRENT_DATE);
INSERT INTO ROUTE.STATION (STATION_ID, STATION_NAME, LAST_MODIFIED_DATETIME) VALUES (1074 ,'DEVANAHALLI-4'    ,CURRENT_DATE);
INSERT INTO ROUTE.STATION (STATION_ID, STATION_NAME, LAST_MODIFIED_DATETIME) VALUES (1075 ,'DEVANAHALLI-5'    ,CURRENT_DATE);
INSERT INTO ROUTE.STATION (STATION_ID, STATION_NAME, LAST_MODIFIED_DATETIME) VALUES (1076 ,'DEVANAHALLI-6'    ,CURRENT_DATE);
INSERT INTO ROUTE.STATION (STATION_ID, STATION_NAME, LAST_MODIFIED_DATETIME) VALUES (1077 ,'DEVANAHALLI-7'    ,CURRENT_DATE);
INSERT INTO ROUTE.STATION (STATION_ID, STATION_NAME, LAST_MODIFIED_DATETIME) VALUES (1078 ,'DEVANAHALLI-8'    ,CURRENT_DATE);

INSERT INTO ROUTE.STATION (STATION_ID, STATION_NAME, LAST_MODIFIED_DATETIME) VALUES (1081 ,'KENGERI-1'        ,CURRENT_DATE);
INSERT INTO ROUTE.STATION (STATION_ID, STATION_NAME, LAST_MODIFIED_DATETIME) VALUES (1082 ,'KENGERI-2'        ,CURRENT_DATE);
INSERT INTO ROUTE.STATION (STATION_ID, STATION_NAME, LAST_MODIFIED_DATETIME) VALUES (1083 ,'KENGERI-3'        ,CURRENT_DATE);
INSERT INTO ROUTE.STATION (STATION_ID, STATION_NAME, LAST_MODIFIED_DATETIME) VALUES (1084 ,'KENGERI-4'        ,CURRENT_DATE);
INSERT INTO ROUTE.STATION (STATION_ID, STATION_NAME, LAST_MODIFIED_DATETIME) VALUES (1085 ,'KENGERI-5'        ,CURRENT_DATE);

INSERT INTO ROUTE.STATION (STATION_ID, STATION_NAME, LAST_MODIFIED_DATETIME) VALUES (1091 ,'YESWANTPUR-1'     ,CURRENT_DATE);
INSERT INTO ROUTE.STATION (STATION_ID, STATION_NAME, LAST_MODIFIED_DATETIME) VALUES (1092 ,'YESWANTPUR-2'     ,CURRENT_DATE);
INSERT INTO ROUTE.STATION (STATION_ID, STATION_NAME, LAST_MODIFIED_DATETIME) VALUES (1093 ,'YESWANTPUR-3'     ,CURRENT_DATE);
INSERT INTO ROUTE.STATION (STATION_ID, STATION_NAME, LAST_MODIFIED_DATETIME) VALUES (1094 ,'YESWANTPUR-4'     ,CURRENT_DATE);
INSERT INTO ROUTE.STATION (STATION_ID, STATION_NAME, LAST_MODIFIED_DATETIME) VALUES (1095 ,'YESWANTPUR-5'     ,CURRENT_DATE);
INSERT INTO ROUTE.STATION (STATION_ID, STATION_NAME, LAST_MODIFIED_DATETIME) VALUES (1096 ,'YESWANTPUR-6'     ,CURRENT_DATE);
INSERT INTO ROUTE.STATION (STATION_ID, STATION_NAME, LAST_MODIFIED_DATETIME) VALUES (1097 ,'YESWANTPUR-7'     ,CURRENT_DATE);

INSERT INTO ROUTE.STATION (STATION_ID, STATION_NAME, LAST_MODIFIED_DATETIME) VALUES (1101 ,'HOSKOTE-1'        ,CURRENT_DATE);
INSERT INTO ROUTE.STATION (STATION_ID, STATION_NAME, LAST_MODIFIED_DATETIME) VALUES (1102 ,'HOSKOTE-2'        ,CURRENT_DATE);
INSERT INTO ROUTE.STATION (STATION_ID, STATION_NAME, LAST_MODIFIED_DATETIME) VALUES (1103 ,'HOSKOTE-3'        ,CURRENT_DATE);
INSERT INTO ROUTE.STATION (STATION_ID, STATION_NAME, LAST_MODIFIED_DATETIME) VALUES (1104 ,'HOSKOTE-4'        ,CURRENT_DATE);
INSERT INTO ROUTE.STATION (STATION_ID, STATION_NAME, LAST_MODIFIED_DATETIME) VALUES (1105 ,'HOSKOTE-5'        ,CURRENT_DATE);

----------------------------------------------------------------------------------------------------------------------------------
INSERT INTO ROUTE.ROUTE (ROUTE_ID, ROUTE_NUMBER, START_STATION_ID, END_STATION_ID, TRAIN_NUMBER, LAST_MODIFIED_DATETIME) VALUES (301,'500A',101,102,1001,CURRENT_DATE);
INSERT INTO ROUTE.ROUTE (ROUTE_ID, ROUTE_NUMBER, START_STATION_ID, END_STATION_ID, TRAIN_NUMBER, LAST_MODIFIED_DATETIME) VALUES (302,'500B',103,110,1002,CURRENT_DATE);
INSERT INTO ROUTE.ROUTE (ROUTE_ID, ROUTE_NUMBER, START_STATION_ID, END_STATION_ID, TRAIN_NUMBER, LAST_MODIFIED_DATETIME) VALUES (303,'500C',104,101,1003,CURRENT_DATE);
INSERT INTO ROUTE.ROUTE (ROUTE_ID, ROUTE_NUMBER, START_STATION_ID, END_STATION_ID, TRAIN_NUMBER, LAST_MODIFIED_DATETIME) VALUES (304,'300A',106,103,1004,CURRENT_DATE);
INSERT INTO ROUTE.ROUTE (ROUTE_ID, ROUTE_NUMBER, START_STATION_ID, END_STATION_ID, TRAIN_NUMBER, LAST_MODIFIED_DATETIME) VALUES (305,'300B',108,101,1005,CURRENT_DATE);
INSERT INTO ROUTE.ROUTE (ROUTE_ID, ROUTE_NUMBER, START_STATION_ID, END_STATION_ID, TRAIN_NUMBER, LAST_MODIFIED_DATETIME) VALUES (306,'300C',109,103,1006,CURRENT_DATE);
INSERT INTO ROUTE.ROUTE (ROUTE_ID, ROUTE_NUMBER, START_STATION_ID, END_STATION_ID, TRAIN_NUMBER, LAST_MODIFIED_DATETIME) VALUES (307,'400A',110,106,1007,CURRENT_DATE);
INSERT INTO ROUTE.ROUTE (ROUTE_ID, ROUTE_NUMBER, START_STATION_ID, END_STATION_ID, TRAIN_NUMBER, LAST_MODIFIED_DATETIME) VALUES (308,'400B',107,102,1008,CURRENT_DATE);
INSERT INTO ROUTE.ROUTE (ROUTE_ID, ROUTE_NUMBER, START_STATION_ID, END_STATION_ID, TRAIN_NUMBER, LAST_MODIFIED_DATETIME) VALUES (309,'400C',101,110,1009,CURRENT_DATE);
INSERT INTO ROUTE.ROUTE (ROUTE_ID, ROUTE_NUMBER, START_STATION_ID, END_STATION_ID, TRAIN_NUMBER, LAST_MODIFIED_DATETIME) VALUES (310,'400D',102,109,1010,CURRENT_DATE);

----------------------------------------------------------------------------------------------------------------------------------
INSERT INTO ROUTE.ROUTE_STATION (ROUTE_STATION_ID, ROUTE_ID, STATION_ORDER, STATION_ID, LAST_MODIFIED_DATETIME) VALUES (401,301,1,101 ,CURRENT_DATE);
INSERT INTO ROUTE.ROUTE_STATION (ROUTE_STATION_ID, ROUTE_ID, STATION_ORDER, STATION_ID, LAST_MODIFIED_DATETIME) VALUES (402,301,2,1011,CURRENT_DATE);
INSERT INTO ROUTE.ROUTE_STATION (ROUTE_STATION_ID, ROUTE_ID, STATION_ORDER, STATION_ID, LAST_MODIFIED_DATETIME) VALUES (403,301,3,1012,CURRENT_DATE);
INSERT INTO ROUTE.ROUTE_STATION (ROUTE_STATION_ID, ROUTE_ID, STATION_ORDER, STATION_ID, LAST_MODIFIED_DATETIME) VALUES (404,301,4,1013,CURRENT_DATE);
INSERT INTO ROUTE.ROUTE_STATION (ROUTE_STATION_ID, ROUTE_ID, STATION_ORDER, STATION_ID, LAST_MODIFIED_DATETIME) VALUES (405,301,5,1014,CURRENT_DATE);
INSERT INTO ROUTE.ROUTE_STATION (ROUTE_STATION_ID, ROUTE_ID, STATION_ORDER, STATION_ID, LAST_MODIFIED_DATETIME) VALUES (406,301,6,1015,CURRENT_DATE);
INSERT INTO ROUTE.ROUTE_STATION (ROUTE_STATION_ID, ROUTE_ID, STATION_ORDER, STATION_ID, LAST_MODIFIED_DATETIME) VALUES (407,301,6,1016,CURRENT_DATE);
INSERT INTO ROUTE.ROUTE_STATION (ROUTE_STATION_ID, ROUTE_ID, STATION_ORDER, STATION_ID, LAST_MODIFIED_DATETIME) VALUES (408,301,6,102 ,CURRENT_DATE);


----------------------------------------------------------------------------------------------------------------------------------
COMMIT;
